,probability
0,"[1.96279995053468e-07,0.014055497856746148,0.0004254870137427283,0.00017520754944484688,0.004877553722869409,0.0018100278017443283,0.0018185245836971088,0.01153433741720525,0.002031694763071027,0.0006358051320406637,0.023431874375742682,0.008179858854068127,0.0006875852455538694,0.01821472890989291,0.0019064803923862757,0.0015210718944754116,0.008165806792924404,0.00286245267551845,0.003878039503410997,0.003909770204696997,0.0005651944050158675,0.01891722566034415,0.003360282623781525,0.01018257306695219,0.00471682789018553,0.0025464763683106144,0.0031828783304795167,0.008732861100046549,0.0020173213443833125,0.0026643055534708473,0.005039424278634943,0.01053229185247212,0.0022813388316315305,0.005224261138910836,0.001813942489519785,0.016801381707061865,0.0006353371255528963,0.0015337573290446125,0.0017074613098752537,0.0020441962925676982,0.03665943243524345,0.0038853752829781357,0.01008170390725089,0.009420249832150293,0.053975821729474266,0.004422097775406727,0.0022869219957600486,0.0018020020853312276,0.014317805043505298,0.43008713531419746,0.002076019220940199,0.001000118677891029,0.03750938869150183,0.005066586938471274,0.00309874053182274,0.008532190961064048,0.00243409769481912,0.01438029270502954,0.001452427524261771,0.0012363520823110757,0.003537488150963959,0.13595215209961348,0.00039493181729590153,0.0017633370246991711,8.785610586520412e-08,2.40589588856201e-11,7.048763981214424e-09,3.9890402432688025e-08,3.5414350198390116e-15,2.4116897928542723e-08,1.9672531694461344e-09,1.896070482476349e-08,8.640790449879446e-12,1.0017802468600273e-06,2.586030778075014e-09,1.461297162875251e-06,1.3129732387781738e-08,6.466775473064532e-10,1.335790458195604e-07,7.645881194912614e-09,4.125126067094544e-08,1.2387342978118038e-07,9.740778696200739e-07,5.251585217346822e-10,1.159610095962867e-08,6.619968254038594e-09,1.792557461531768e-09,1.4019400253027372e-09,2.473832041698921e-07,5.13840286588897e-08,1.2804876620982914e-09,2.6233758893578243e-09,1.78967200711348e-07,1.0822618277919165e-07,6.60550023030551e-08,2.1988774278593538e-07,4.833881967897353e-08,1.3187270093933138e-07,7.838740752712604e-07,1.8924183372616754e-07]"
1,"[2.109241874049217e-08,0.0005139428970090526,0.0005914995715199003,0.00013402766556985392,0.0003508844395596665,0.0030877625988813663,0.0001926803650896807,0.0002839894328729643,0.00017315581455178903,0.0012773010068394947,0.0004071477865765482,0.000613020413986424,0.00022750550296567537,0.0007331687550701209,0.00037473893318501326,0.0008358182255054038,0.001611523801710104,0.0013220530252615122,0.0006943695147202516,0.0010659626008472267,0.0013300960009207795,0.03524453242680072,0.00036994233682538725,0.0009766882436045017,0.00024605310896269557,0.00045649693783151343,0.003953768193197189,0.0007841822865343225,0.001388556568223563,0.0002616946776033228,0.00021020652725462657,0.0004498256847559641,0.0006668301135110519,0.014438591634604753,0.0023603708375358593,0.0004876201441897752,0.00017125590284392894,0.0012806145908846758,0.001359715167014557,0.0007421357147253632,0.8184634210124662,0.02103499161053224,0.049372762321962346,0.008353412589140219,0.0004763535547099931,0.00018053681980683412,0.0017702680910944722,0.0013197571975112528,0.0001769927032919209,0.0016545417544074966,0.0008886811598590814,0.0001617055463463709,0.0027048507391168354,0.0005226923513017406,0.0005384195101093113,0.0009334273451514606,0.0006634006064696248,0.001012448015143089,0.0009313226823293661,0.0013883009529432572,0.0018600955377007773,0.0025041759264196727,0.0011464763355070388,0.00026972546120976055,1.179652866788982e-08,3.4926414152613207e-12,1.947546460777743e-09,1.6885044343795562e-08,6.040439170452784e-16,3.0283354904855925e-09,2.690756668143567e-10,5.333932247203497e-09,1.4740845343104823e-12,3.0445568654114784e-07,7.273616574244523e-10,3.560335626409962e-07,4.739032205710054e-09,6.59255029115281e-11,2.031840781724302e-08,3.178400733553319e-09,5.766754987287888e-09,2.3513373809794103e-08,2.594970946631395e-07,9.808943945197898e-11,2.14021824435475e-09,1.7893271236976587e-09,9.999966689718258e-10,1.5436433432656427e-10,7.833992974729448e-08,5.186609558071121e-09,1.4447506706164411e-10,1.0644220945875269e-09,6.333469877875336e-08,9.124352950291773e-09,1.1232546482033718e-08,4.2765903058770785e-08,2.9289179130161474e-08,6.014837769676367e-08,9.943568858695885e-08,6.682429448685815e-08]"
2,"[1.8003843350091434e-07,0.023778893017435597,0.001391728999489578,0.0006507440778427216,0.003272660404001452,0.0010284679390978584,0.0015478944170765128,0.007268429227975048,0.002955185844252769,0.00698796817944767,0.001493832850247543,0.0115814683171826,0.002913220484921016,0.0010680067314014809,0.27575622850563813,0.022260451520446468,0.0007900597351988581,0.005865859717051412,0.013503939323384942,0.002508288062011228,0.0006698537329058937,0.04965947126985608,0.0009168901500046944,0.0009624066478956532,0.0044609591413609755,0.0024210592786755897,0.00633746024612919,0.0018986213261436504,0.09827950144046448,0.008749007285764799,0.00090852268813715,0.002880513026732876,0.007347347016941658,0.005603646504155327,0.034621174211762036,0.039084145499749735,0.0001980589378923254,0.016561049851526427,0.04166781514057653,0.0011747659096878265,0.021719424442589785,0.0005935497220623591,0.006951541546321779,0.0009490532428696195,0.02325408308663977,0.0015340121808293972,0.0032868255575222685,0.0029132189258523496,0.0011006943944432675,0.03623416452013475,0.004718881929614369,0.0008507727027711726,0.011076080692332223,0.03334393350723296,0.007220627486739894,0.002816846026077581,0.07083306087940378,0.008550181688250993,0.0041221367818605895,0.024788213689587998,0.010995539643061584,0.007088690523097087,0.00346941293684396,0.0005553015453722384,7.404317669579095e-08,2.542270888658501e-11,1.8209115719825183e-08,1.1150401717015572e-07,3.1250606486465744e-15,1.735961042687127e-08,3.1850659082304363e-09,2.525118649370739e-08,6.782013441995056e-12,1.115646226552467e-06,3.876114720352347e-09,2.5165708003709904e-06,1.0807791805244222e-08,6.637907764710418e-10,1.0988498482786894e-07,8.836594325844502e-09,4.229084152633258e-08,9.113316464695854e-08,1.5857673606268079e-06,7.000023169437855e-10,2.5715590789909828e-08,1.248134120870613e-08,1.667223337363574e-09,2.0352622038764237e-09,2.5018535662609714e-07,2.685123236665586e-08,2.5902645375056667e-09,7.37882079868774e-09,2.0074769782117235e-07,1.2638727637157813e-07,7.204445868674896e-08,3.254673927085723e-07,1.3153057041553183e-07,1.422359339338008e-07,5.8691912220008e-07,3.2564999218908304e-07]"
3,"[2.9363481307504585e-07,0.014160015232790122,0.001959910856826915,0.0004326621124478322,0.0018129811499293007,0.0012026776389478043,0.0009387693557748873,0.005067068641917312,0.040274981153560305,0.00087357850877955,0.0053775165105934665,0.07845924320748202,0.0017622875038422828,0.005565961130075948,0.014963495946427043,0.00182372320855763,0.0007350748784898002,0.002695720711743016,0.13421365429450555,0.006568950788707712,0.0009878490561404266,0.0012805863107159777,0.0059292612818733674,0.0015487414424348222,0.005668124421580169,0.006612458436476707,0.0011067298846794693,0.008279408520869301,0.04364282893693635,0.12316792102221084,0.0029245830969822613,0.002573357902392581,0.004741964126681462,0.0037977692605693646,0.005139468451825817,0.028697963311795097,0.0004221574033412241,0.024293737525296576,0.012256861552204507,0.004046870131098005,0.0014144856831109754,0.0004940519631366537,0.001851568151883005,0.0007577986499580675,0.005603198370089566,0.003495952668453545,0.005508204716975736,0.002487357813378247,0.004618416910230038,0.01674946279381036,0.004371914839891122,0.002234776637557813,0.0054020943537581995,0.06523887268880742,0.06637348789417691,0.0006932135564678091,0.05084591884095928,0.004115705419313095,0.011605626381699966,0.026965804567452588,0.09461463636175073,0.014684947790153516,0.0020052819350845305,0.0018501745099033574,8.665665014018846e-08,2.9361553149442205e-11,1.1173171511150759e-08,5.7714590015901025e-08,4.813469235375262e-15,4.588309866974924e-08,2.399588774077141e-09,1.9407795773957312e-08,4.738736994457373e-12,1.2121154566479029e-06,3.989084479359005e-09,3.986521666193381e-06,7.30632882817974e-09,1.1577013090934236e-09,1.248860857265533e-07,6.295304277230703e-09,5.5608412965278624e-08,8.068114874125804e-08,9.030752591162385e-07,5.435915951538044e-10,1.9193223686073014e-08,9.546712062232113e-09,1.0688369434780006e-09,1.9027199570628686e-09,1.8035152220690832e-07,3.223124631575025e-08,3.897199250673068e-09,1.0117375734895979e-08,1.2109795006340626e-07,2.2148196101857312e-07,8.597238252573276e-08,3.7868127739540623e-07,1.337200323480952e-07,4.303496330301052e-07,1.0915193527682743e-06,5.113792163846565e-07]"
4,"[2.1898864932118203e-07,0.030477546367735826,0.0013565191312236537,0.0001237881913390494,0.002088300653117201,0.0005544862217367291,0.000667128910176389,0.0032142241022047103,0.0032480843031881556,0.00016564194024397795,0.005703443936044131,0.021756655883223865,0.0001875861953131443,0.011273009426515296,0.014277354494760391,0.0014478195032838351,0.000618635813697214,0.0010563051340884814,0.30511380503491436,0.002792887696357904,0.0019247460123866518,0.0009457573459832009,0.009309158059007063,0.000677118915023275,0.004695404179419182,0.0021092833688838583,0.0010366580775837725,0.0020688688374209483,0.007099500310101272,0.015558807358463413,0.006696591034381609,0.0007500123899160816,0.014204089448411018,0.003774384625493653,0.0013558295028160607,0.24198720081757374,0.00025838682303340417,0.0039200800344732015,0.010461255686617198,0.0014882803742001902,0.002807165080444871,0.001190793384287878,0.0024899071107891287,0.0022221996125728585,0.005121204815580468,0.0021149102710196345,0.001546079705624396,0.0008329207211110399,0.0013821194331125324,0.04671149896774638,0.0008454762193397401,0.0011028528254414887,0.023029351237116726,0.009100203631148884,0.024268651847569718,0.00044316939368806477,0.05993918151415929,0.0016347792926067136,0.0011594847256179053,0.0036480611333497203,0.007167293657284187,0.06366618973428669,0.0003486222143571486,0.0007777887536638679,4.025928173225956e-08,3.447006296703756e-11,6.4750563817945975e-09,2.7736756057298004e-08,4.599504981347166e-15,3.1787621681779626e-08,8.735176783240664e-10,1.5065925613850233e-08,2.1544623324458794e-12,9.890015421041487e-07,2.9203995912514407e-09,1.6431316392542038e-06,6.882964426446884e-09,6.895852857013014e-10,1.3121651140689878e-07,3.0484511670294474e-09,3.106972591993543e-08,5.207593496223804e-08,7.636205249455882e-07,4.728147260600913e-10,1.3420946999390836e-08,6.166527027876266e-09,8.514992768189543e-10,1.0978508127771288e-09,1.668897374607567e-07,2.030888518612093e-08,1.942362663689418e-09,6.841292837810836e-09,1.069439636778771e-07,1.4065599998748073e-07,3.9791600637784226e-08,1.4409570944561098e-07,6.359707571979182e-08,1.1762005391640439e-07,3.459700317627995e-07,3.1703065894588294e-07]"
5,"[2.101412969064779e-07,0.040443272372908776,0.0017036331260235468,0.00037329696605207087,0.0022604216652557783,0.0015557637774537578,0.002035612342914827,0.01998611504995587,0.0021474433476466135,0.0033672848993618765,0.0071584584413178194,0.01966037794608921,0.0017199320148550403,0.007953892586385646,0.023294109440509976,0.08275592192737866,0.01061674294040906,0.016714646710225593,0.006093281652486632,0.0012607964790850303,0.0008010809665425109,0.04440799869122547,0.001878523783575064,0.0014209412552296952,0.006487880379288022,0.003281797243775947,0.004939710020526845,0.007606430080089794,0.005346688273265359,0.004236392646508081,0.0023780595843369326,0.01725587893632621,0.01685763786589643,0.003974471279934978,0.006561764720536404,0.06730423739085707,0.001783455848449818,0.0012084354102329148,0.002969928090146614,0.0006291360214778932,0.06757076631794776,0.0024380562025791727,0.02200694219764059,0.005902307435264543,0.06478466978360799,0.006186332004289098,0.0034484752073102253,0.000952095304711089,0.007426908666217786,0.054367305453298286,0.009916934594885355,0.005313347107711012,0.0736954034061343,0.006566212234342852,0.00633536390398725,0.025304227012290088,0.012945718328092461,0.010279689267758033,0.0009683751270132199,0.0021779246578553712,0.0031225519924009664,0.1494560865904005,0.0013633206556097207,0.005030580456295465,1.3309063476402912e-07,3.7965823716905086e-11,1.6328134592439287e-08,6.870416684484495e-08,5.689029325674813e-15,4.543235176676569e-08,3.4773554826309544e-09,2.7717314157694364e-08,5.55704849782869e-12,1.364683826486304e-06,4.647283080156209e-09,2.3405289819375484e-06,2.2726863599645624e-08,9.009315567931451e-10,2.1046789570902978e-07,1.2408718431296893e-08,4.945297997636107e-08,7.715724545316732e-08,1.524990047121421e-06,9.418905350593816e-10,1.8939198398909143e-08,8.409638785032113e-09,1.9764794835185847e-09,1.8687926845494004e-09,2.9229352096148943e-07,6.617815238377552e-08,3.0053046262778904e-09,5.683128211921001e-09,2.395968400818938e-07,2.4232615582123635e-07,7.972038330033381e-08,2.845565989580132e-07,1.1362965166751624e-07,1.4264477795809385e-07,1.1115637127270776e-06,2.2768403578592207e-07]"
6,"[1.7213781101754065e-07,0.0008737123384052647,0.051480923911662806,0.010881010677180804,0.0014454823070411166,0.028011237679812447,0.013768968521490186,0.0017663319497195113,0.011496865739888508,0.006751317296860953,0.0026656923954173593,0.007712913635735124,0.0023101177959115684,0.001927515509148634,0.01278217281688836,0.003138006320585523,0.005662226179236386,0.003255967048237918,0.003374006802654104,0.004012712283222707,0.005073581460981154,0.0019027584392829879,0.01721570005967465,0.0092157292168918,0.0015784994926533369,0.0121936985397439,0.014089863111181123,0.00646772965053431,0.007217453250954831,0.002482122168860455,0.0017251671716918824,0.0023734385397196334,0.0007956103663268868,0.06219027571274861,0.006810496691262135,0.0005331102279739967,0.074399853218662,0.006315891801728953,0.01558044203647093,0.2931321807281213,0.0014882986718017467,0.002036464342809642,0.005676882309240743,0.004130436621400977,0.0034035620154947593,0.003736164567041068,0.02065408812586599,0.011987749595877487,0.0022299027858988883,0.0005656128386973034,0.012734952855807793,0.03220742603000678,0.0032301760380753584,0.003077872022427387,0.00531776362038201,0.005929355908627026,0.0029563573229268157,0.01593050129268326,0.03184084071861316,0.03791907071397481,0.007597144018744916,0.0016638585427085231,0.06723022239868112,0.0018352468576079025,2.277505955075067e-07,6.219907034075272e-11,1.6387577297408235e-08,1.7360177440319146e-07,5.473374152156734e-15,2.6435541937681866e-08,3.534563736351335e-09,3.3639796829199704e-08,5.88012431318332e-12,1.5385773845922479e-06,5.08249626341361e-09,1.4988972126041257e-06,2.934167483512835e-08,1.927829202359876e-09,9.059248392209674e-08,1.5407440328219058e-08,8.782628888615218e-08,1.540276715835699e-07,9.402472547326155e-07,1.1781143850605459e-09,2.981421714651378e-08,1.3363966177600317e-08,4.66112286873302e-09,2.354023342897108e-09,3.7094535177947984e-07,4.803484313849747e-08,2.0862640850415754e-09,1.4640571051809065e-08,4.018140425710018e-07,2.3021233495269003e-07,1.3759358320117578e-07,4.5664240848909264e-07,2.1600584191953191e-07,1.0006997141117582e-06,7.538916329252464e-07,5.672685263494508e-07]"
7,"[1.112401574866226e-08,0.00017141951908085937,0.0033109528777418885,0.00010921996353596113,0.00010341759372376881,0.0013065810805809258,0.00011944838859966895,0.00041418693602722804,0.0004783471592325096,0.6043792027089079,0.0001356291538882987,0.00041407352423987497,0.07656353722639808,0.00023701197355846502,0.0012279065932150398,0.0007571152650916761,0.0006260015949302067,0.005450893671475291,0.00037365489467409,0.0009293375526671744,0.0010300788939638162,0.0024929249835320645,0.00026328351787836785,0.00013611526612954626,0.00020179548885737776,0.0006254388041506053,0.0008335681613161095,0.00034219180657365513,0.00022812189610705178,0.00016404435376879103,7.225651085743419e-05,0.00041168485314351254,0.00040646306836547276,0.00022394937321514738,0.005789374694601982,0.00014882946729697266,0.0004897747659629027,0.00020204406206928457,0.0006701224347852149,0.0008026281552812504,0.001577035662125377,0.005021854368979477,0.002022922918818096,0.0008635632005676052,0.0009137348874569295,0.00022340483750273892,0.0004551268829999941,0.000800878954512124,0.00025750089374350593,0.00026840683848280907,0.002016297507879229,0.00043343268138319523,0.00025606337132068595,0.00037095923179510446,0.00020346310779532177,0.0007609658348558957,0.00012671435570365313,0.0017254313921338169,0.0030940914661382766,0.0005979786256155526,0.0012810083756356863,0.0004881122310301801,0.2634901793128948,0.00010715981736069154,1.3066264983101824e-08,3.375954849679035e-12,2.9860899295509905e-09,1.0369950615582718e-08,4.825696008320813e-16,3.443238866384665e-09,3.9647341660092586e-10,3.5898605313173384e-09,1.0417801745601054e-12,1.99852620010535e-07,7.517301584828858e-10,2.626454347744077e-07,2.6765017813367914e-09,1.430966771285512e-10,9.320554370079276e-09,2.2077388521572367e-09,3.522769152377298e-09,6.83771718353326e-09,1.618182567724841e-07,1.4540444913074374e-10,2.1018021383432114e-09,2.14466481316373e-09,2.4869892370461076e-10,1.138045226136709e-10,3.391244243571336e-08,3.541789718601669e-09,2.298693931940228e-10,8.7423601728131e-10,3.998147281837676e-08,1.0270483891019461e-08,9.957022179945567e-09,4.4922984295029086e-08,2.270629832941024e-08,6.088568706794562e-08,1.249151488325427e-07,3.32993017873667e-08]"
8,"[3.3226485355185945e-07,0.017328983150762867,0.00048294446665510417,0.0003896930894031903,0.007156107241340871,0.009270417471791656,0.004693011534384323,0.006509154745379027,0.0019538713360777085,0.0010548499301820805,0.031324789739078485,0.014537478629153265,0.0014944917182321599,0.024192452934970923,0.0029305581064730988,0.002011988241918422,0.01029035142284435,0.00198322664006907,0.00421946806115358,0.008075833964859011,0.001338366108219098,0.008901245563570553,0.04511430463559422,0.018692906574887525,0.08946933929599239,0.004521529722805906,0.005277261836524542,0.04551445352554374,0.0021547092983939934,0.0015150109246714711,0.019562428348331575,0.005271482767102109,0.004034736161966359,0.0020981682120447993,0.005914855375495492,0.015478794643657702,0.0013727552719136995,0.002068632526992703,0.004331272833104072,0.006318472274049536,0.009916856613573864,0.00391665541757281,0.004911130897754787,0.005572055076239753,0.0849112210128391,0.0133477446729477,0.002049945662909291,0.010542403603410147,0.07751494656205675,0.07641290532168836,0.003459310754901559,0.006325846304898942,0.08563127728916055,0.009192898382156032,0.005585455075118614,0.02745777748182891,0.0020345575921143413,0.026166397509925443,0.011809137977951085,0.0021649665161137988,0.010851635214091859,0.07847274919077651,0.0006244429728813401,0.002266749957628807,1.6779707314526155e-07,6.081057576885446e-11,1.4356071884294847e-08,6.966250564110441e-08,8.524820925008457e-15,5.7624194703725265e-08,4.508909654635976e-09,4.31616814970577e-08,9.536912587909334e-12,2.01537179007496e-06,7.579205227558568e-09,1.6926587515000087e-06,1.641189744898632e-08,2.1959403203738442e-09,2.0289136366130166e-07,1.728131052714827e-08,7.764561383211199e-08,1.366732961483375e-07,1.3447019979079176e-06,1.3962831941748256e-09,2.5636138550497988e-08,1.6820017555029886e-08,5.0880718050369074e-09,2.826189228919885e-09,4.7621373123216647e-07,1.0419443528507944e-07,2.9202958206233103e-09,7.111433465879746e-09,3.8096522465496594e-07,3.8226967377409407e-07,2.0416221686934307e-07,5.23206678143411e-07,7.791948492959868e-08,2.969825658128509e-07,1.3266402908997478e-06,4.974043249975664e-07]"
9,"[7.250795831787312e-08,0.0009974388360993972,0.002406553953982353,0.0005192776827436358,0.0005119993443538632,0.024972622864395586,0.000240250294803443,0.000991622386522498,0.0009163821013660919,0.023617865708496662,0.0014681143651230615,0.003555783196342141,0.008687649789124568,0.0025372121536429257,0.0007644208259737733,0.0018399527247426899,0.011133247108322732,0.01064059643658894,0.0012828758378926942,0.026480497882548415,0.2596826419666775,0.01048087363146175,0.0011043636214013155,0.0039364335880521595,0.0013537943573383576,0.0025439152105953635,0.014015062972361414,0.0026838237831814217,0.0008793879204416748,0.0005104668381220875,0.0003499531800716345,0.0020243333246170916,0.0011628773174367714,0.004311018510306626,0.035370920370651544,0.0007602291067291458,0.014681129785289189,0.0012592708865816122,0.0018431614720630218,0.007019225347677112,0.012644464684666543,0.3189383096650662,0.022008051100763922,0.020400324094236425,0.0014267365846506765,0.0012577255067311595,0.008570622344137826,0.011175785406220358,0.0011719306213582464,0.0012639833180172323,0.012142501035330112,0.008185894708681104,0.001970093834151382,0.001432761023756049,0.00125276823516564,0.012582288423688451,0.0003539431713264514,0.011687422502172595,0.023063539625951653,0.003291511885600988,0.003984871071344742,0.003821922768626604,0.027534309604623757,0.00029565257481553554,5.896493431029485e-08,1.7060973615583656e-11,6.304474146955174e-09,3.131521214220044e-08,2.5473868790513923e-15,1.669488845924919e-08,7.897260861135341e-10,1.800688087121082e-08,3.5290863974785275e-12,2.0799972009609614e-06,2.6344174149626584e-09,4.6701006252243506e-07,1.4469882829445463e-08,6.20297927042343e-10,4.867894688943317e-08,8.809507671823053e-09,3.555985812775878e-08,4.0863557462036596e-08,6.073989593952607e-07,4.702323797075989e-10,7.766135341214678e-09,6.93531104233178e-09,2.203345296933108e-09,3.337237599151562e-10,1.3660058498746674e-07,1.7539356155629887e-08,5.710770773855356e-10,3.6144182855080727e-09,1.5972245276736823e-07,4.392743292490347e-08,6.751570400054474e-08,1.7760014301024448e-07,8.305900584163598e-08,5.498086653474095e-07,4.0951207502974523e-07,1.6169777314207352e-07]"
10,"[2.8924657696190723e-07,0.014758553848345981,0.007319213125963023,0.0011540772051735313,0.004089955162169974,0.005921155520107269,0.14491194109111472,0.011742802803057945,0.0034492155858977234,0.004912585934460511,0.0025638227383607526,0.033449409156689265,0.0010335247743284057,0.0012717725415301018,0.020322553829442334,0.017133640606720832,0.009838008188773038,0.002719285081067582,0.006040598867721609,0.0019049590916785763,0.005873495854147278,0.01779741465164131,0.004621874012605607,0.002023175102727655,0.006651291962526529,0.009826817081380307,0.015106268405724753,0.0739922074402628,0.008040915733964761,0.0033305762458801505,0.007285398926676707,0.044567027140352065,0.028667102099202358,0.0024937107658381703,0.005276444897715254,0.016915195138779156,0.0019052191537526973,0.035383499893726605,0.010902879488305775,0.0023555832091659273,0.009736258052535434,0.0031414519203840927,0.004522345022104982,0.0016075565501340056,0.1080500967897494,0.011768144897523085,0.001221264430606315,0.001515568040130066,0.020364935440432778,0.020939508379472775,0.013101111124130366,0.016985228331454428,0.04180001379074381,0.009228083512466458,0.009772939513032042,0.011782694320271347,0.023156466048518027,0.016585915574692685,0.005895646861698342,0.016336929419423152,0.004956918589856635,0.008615819471262434,0.006443477018169732,0.03490776458091577,1.7980326915700466e-07,5.314739503352391e-11,2.9432427544194865e-08,1.3476703581410234e-07,7.201779707971839e-15,7.165468677206466e-08,3.1143291972050635e-09,2.5685881956168902e-08,8.57216897081663e-12,1.4522613645214903e-06,1.0461230234968062e-08,2.350880669618968e-06,3.5452067297315404e-08,1.4466753039884953e-09,3.02229688472992e-07,2.1092346701751503e-08,9.082505405226465e-08,1.0370244952956981e-07,1.3405434414964029e-06,1.958062857206023e-09,3.4142133756700267e-08,6.122114056170409e-09,3.4590663704174167e-09,2.4824411298743846e-09,3.945426185028195e-07,7.664065980144123e-08,4.131691049358304e-09,9.295279652882945e-09,2.048418391834769e-07,2.3171384587796588e-07,1.0801140701642545e-07,6.172509403798222e-07,1.3884931575425712e-07,4.1024914449984635e-07,1.4820905962541977e-06,5.215212353549871e-07]"
11,"[9.801500182496777e-09,0.00016838640672737424,0.0050087284799831995,0.0002838305820706289,8.892817947107296e-05,0.0006722602986605249,0.00015934414271327337,0.0002788518548166352,0.00046841218084807184,0.7732661423146397,0.00010234183027665643,0.00016662124867671663,0.02649485320699572,0.00010262068846019505,0.0020364863251032582,0.0009522166528403043,0.00030089141041671593,0.0017153267655183621,0.0002373262301458484,0.0004107344638914372,0.0006896092391018919,0.0023798526115973613,0.00014553041013616103,7.554445801643139e-05,0.0001254161487594741,0.000459504718158447,0.0007407226703761,0.0003335883226801071,0.00021810109846230963,0.00018981510453545855,5.196764367149315e-05,0.000499067888663727,0.00020908540901764215,0.00019608281451713352,0.00465952619000553,7.815316898217806e-05,0.0005571022541224016,0.00017298571552974864,0.0008300820513402657,0.0004594398117411985,0.001082250139848975,0.002725995827291744,0.001228954631000981,0.0005794727869416656,0.0006356704416627752,0.00014014462683116364,0.0003582093110806248,0.0005058802636847578,9.495995559630228e-05,0.00012286465521561357,0.003428438203312231,0.00021756844567966783,0.00027631446473923895,0.000334775724467532,0.000237643187322743,0.0007977400370419063,8.769445241745635e-05,0.0009744808308785503,0.0013042127466247006,0.0007269850288697419,0.0006303326708058,0.00029800726434648424,0.15713166074214258,9.354240726979965e-05,1.0318021017196898e-08,2.9975240853290155e-12,2.0113301046761975e-09,1.0661819904050509e-08,4.924516658651172e-16,2.5154040582313097e-09,3.486633627324732e-10,3.06538092673031e-09,7.8537814320254e-13,1.1681676471348587e-07,5.483266303824373e-10,1.4759349400784218e-07,2.480952535448456e-09,1.1189137724108846e-10,6.054911205311934e-09,1.5310968320356505e-09,2.667755639439852e-09,5.55212087145111e-09,1.1395495975865643e-07,1.0971203103995632e-10,1.632643627293652e-09,1.7320796258959247e-09,1.926218595851338e-10,9.432162020154639e-11,2.456992715730044e-08,3.3525093284584767e-09,1.7575848282124116e-10,6.092608003284163e-10,3.127317825715171e-08,6.566037724840321e-09,7.289780311656608e-09,3.2907357619573263e-08,1.938256723561472e-08,4.629793962923845e-08,8.128187697359038e-08,2.6657507088186828e-08]"
12,"[3.3044692402537923e-07,0.03453994368033602,0.0014348939400869514,0.0004451584745066796,0.008942028800071175,0.0033883302658804606,0.0020065578747630276,0.003914786696283447,0.013588371483337535,0.0004480075860481754,0.004089952529492707,0.10232777622237653,0.00036585358559097303,0.016697471917699064,0.0029563003009429436,0.0008186547958920757,0.0019612057250973794,0.0033865486858205758,0.003955519098710085,0.0068106821724546,0.0011892992745073,0.007237936863986845,0.01172858325894756,0.004292197953187942,0.0034523244846957272,0.003924047061241725,0.003487674236356013,0.006941786202683735,0.02795003897766756,0.024461529670623174,0.003608103567194701,0.006023745952180397,0.002439677269435365,0.004766888052591138,0.0017756255321221257,0.02148226280610171,0.0009685033754476826,0.014613884869061044,0.0027303614772983226,0.0020822884970638908,0.009687355491522241,0.003407541895679767,0.006124806468514575,0.004467076182980229,0.024475357909265555,0.003163722367951808,0.004551781999412659,0.002586775882836287,0.015426858870472,0.15723144156476135,0.0026280633024065377,0.005214180627886096,0.027621792943958664,0.053682756800773744,0.03137655574092622,0.002216875615869557,0.04148670095813116,0.006757413723458998,0.007866853331903866,0.0021635146860988753,0.01796630105739616,0.201079103367935,0.0007862271901961727,0.0007885684950832366,9.411207670193193e-08,4.211208658203126e-11,1.291115614238704e-08,4.2677354836394186e-08,4.6984587627583275e-15,3.55109223756402e-08,1.2007652996280822e-09,2.5144835822338497e-08,5.4066142015898485e-12,9.588857871923405e-07,3.6345591915100056e-09,2.0151312733905286e-06,9.188484597719853e-09,1.410736992386546e-09,1.8623522122028114e-07,6.368047209502692e-09,5.5504625900954445e-08,1.4597248543547654e-07,1.0818896657392208e-06,5.899166642219183e-10,2.066091878095638e-08,9.767365672668106e-09,1.8930637344565153e-09,1.227096586994453e-09,2.0998305237052086e-07,4.624932518104498e-08,2.414253163683805e-09,4.820010659876378e-09,1.8427186528635144e-07,2.150513517391279e-07,1.1279179325340792e-07,2.555014662100392e-07,1.0446572737563952e-07,3.568445561643242e-07,7.52038116585024e-07,2.854644699639128e-07]"
13,"[2.0382351185831554e-07,0.014589788421359998,0.0007629257279110069,0.00017013912185483563,0.009362391894787962,0.0004897563819342101,0.0005501535462918195,0.002317255680800082,0.0044951773654038915,0.00021626438406197117,0.0010067956532177314,0.026683759993042285,0.0002477143372860499,0.043634012322559444,0.002875876876943584,0.0009068562065943355,0.0004708465484531043,0.0006393367131335304,0.019998650915075217,0.0011305396428843773,0.0005655877623331117,0.0012359417650392576,0.004604129964430574,0.0008028624051403415,0.0021721814889156246,0.0009382560812002743,0.00042344479234955335,0.0012724361017780075,0.00840552642268853,0.018334050169536417,0.0016142726510165835,0.00042216641693892547,0.0031640987920587707,0.0007174571828456658,0.0002438911065775683,0.4471821458388129,0.00036838504654588834,0.0012394061582717616,0.000941544905087884,0.0007243613395311804,0.0013153565994392504,0.00084338182631171,0.0016240551061463006,0.0015054961128458011,0.00340393748054338,0.0008123699413550105,0.000754923194799636,0.00025658296195753543,0.0022417554413749754,0.1437705303528867,0.0013506799854618738,0.00040961799690199355,0.0036746075656983583,0.01726437071173096,0.039755064628980014,0.0004872151838247438,0.02888461897063926,0.0010379877680329254,0.0012681860207815246,0.000736724680032145,0.004381555653273405,0.11781653373320679,0.00017675441978742514,0.000303378572882521,3.463523167660914e-08,2.8313105308116493e-11,3.896997006028696e-09,1.6436894501264357e-08,4.083825322357124e-15,2.080097792252204e-08,7.66146486611659e-10,1.0422845282208113e-08,2.1835231604318334e-12,5.409152330529636e-07,2.142883633153645e-09,1.07015005901886e-06,5.244703824111237e-09,6.563917633580357e-10,1.0301286248762758e-07,1.916127179430937e-09,2.8515377420123903e-08,5.020037671581456e-08,5.691129777854194e-07,3.4997891518368263e-10,1.120861847007715e-08,6.768153227213707e-09,5.456427512599745e-10,8.406372025923641e-10,1.1195708923762096e-07,1.713205514559421e-08,1.3347294680381312e-09,3.0296800392681317e-09,6.917318195380435e-08,1.3531392617841567e-07,2.9329269949105368e-08,9.029266351180378e-08,4.6385910404106343e-08,8.641482457475417e-08,4.2820960305343516e-07,2.260003493808384e-07]"
14,"[2.9926194237431847e-07,0.005357725820019837,0.006812098641466631,0.0014417015460698617,0.006528960478724197,0.009863925246691992,0.0021004801751460566,0.007832008161349704,0.020402682416977708,0.003417564356027347,0.004656186672052983,0.00697936314124448,0.006679589343988737,0.010297387134665856,0.02685539986733769,0.0017384292892970571,0.009290893539944525,0.010865216912066534,0.031630144508607606,0.05941966979699652,0.0025669324921139157,0.0038170595876891346,0.011303107442025935,0.010215254405729275,0.003429951291457521,0.002205301894121258,0.02574666828594065,0.006922706930042366,0.008451535976234662,0.02459879363442695,0.005828063823401203,0.0022566684405930333,0.002965406788177948,0.07941298017003337,0.008190352169523796,0.012514387429879122,0.002084658288670265,0.015158988603550081,0.018246606572882712,0.0176220827937337,0.015663307411241122,0.00701385511356038,0.007419834827552377,0.00842491028533872,0.005191093767533687,0.0051333743531401955,0.027108107196606102,0.03120104348887799,0.018544101497959174,0.017277590665445163,0.009581648868189333,0.0027469153248957834,0.0171191062948229,0.05339099784389178,0.03409408126502239,0.008201970655563736,0.017081220721680758,0.041458843833773656,0.026989379166932004,0.03507258213954234,0.06580858143159178,0.03843445062081084,0.009031002574222373,0.0022891208077920693,1.647938704160663e-07,8.899542111097467e-11,1.6133411679329088e-08,1.5555638496395574e-07,6.897318590311983e-15,5.0383525629516654e-08,5.552703202054238e-09,4.61769525586451e-08,1.0491354855160057e-11,3.088385610491355e-06,6.970518191119443e-09,3.7774422335874104e-06,2.3683114716316395e-08,1.7244195731725967e-09,2.832318852042289e-07,1.4739463157570865e-08,1.248556590368529e-07,1.8112358020225398e-07,2.067546056932694e-06,1.0495769569700175e-09,2.4448665012148453e-08,2.7464526971948356e-08,4.7411961134752475e-09,2.764697529863978e-09,5.938373691872543e-07,5.7016351563281676e-08,3.695461785778172e-09,2.4322011473756725e-08,3.9101349478535574e-07,3.5069051824978e-07,1.8512159616580876e-07,6.439316287331071e-07,3.209501631146216e-07,8.950813972464525e-07,1.2897385560991977e-06,8.222470745497743e-07]"
15,"[1.7003772072525568e-07,0.012235933983899137,0.00027579519876012664,8.524705280917932e-05,0.002950004029745751,0.0008721236730608036,0.0008783781716925174,0.0024862841149858694,0.0006329080491754265,0.0003613572173407812,0.003681094781094945,0.013246609958405526,0.00038767557943532267,0.04377609931558242,0.008707299974294213,0.0011729569229443873,0.0008412760519816243,0.0008800769789475734,0.10635195926176529,0.005108082661102741,0.0013691871929055895,0.0030355569093008334,0.03280368174472536,0.001787167699112278,0.0074718141513150215,0.008288705793840377,0.002077123382462481,0.0018517852064726364,0.004199838552113314,0.003948097046304411,0.002308314363189877,0.0011969156334546286,0.012943180420859667,0.004149680642443695,0.0033733595950700777,0.4782968986140063,0.00013937892366961197,0.001363973653385284,0.004605737060965675,0.004099068618862191,0.003729278629673659,0.0016822403866794445,0.0020808748836757232,0.002607616432689633,0.004814822794551241,0.0009695623809123858,0.0014615509321493777,0.0012472580691623276,0.0013572286229905366,0.06080651723198146,0.000510448233571921,0.0005929801360787237,0.01062497139919031,0.00784059703130533,0.05789927617982972,0.0008200097383899833,0.012487518317028485,0.0026581637440111004,0.0034234968232894477,0.003220784933855717,0.0047331465535955875,0.029322477814028174,0.0002493881581458944,0.0006137196839914266,4.756903218714572e-08,3.1796590967779544e-11,4.205221136267364e-09,3.7957691828895886e-08,5.277729132070582e-15,2.391131059452376e-08,1.4460305116807096e-09,1.3291087645449179e-08,2.766005407353815e-12,1.1458467147870149e-06,3.86891896171808e-09,1.249850085375199e-06,6.88339528497248e-09,1.0576331021879084e-09,1.0600075128736013e-07,3.630427356142904e-09,4.260147328664071e-08,6.95666741158007e-08,8.331870648450031e-07,5.02637035113654e-10,1.4246022504601175e-08,1.0509514497037865e-08,1.1954060544869433e-09,1.038239479256649e-09,2.296830428286375e-07,1.6310217109063216e-08,1.8147409854719603e-09,5.625462501215386e-09,1.245177576424737e-07,1.2987076881807855e-07,3.4928112502531435e-08,1.8121181010028547e-07,5.791826816788648e-08,1.146331168844939e-07,4.581851880816584e-07,2.99571633630415e-07]"
16,"[2.0845639052703384e-07,0.00394982123771877,0.006190407862878503,0.014626069579180638,0.0012105562911246962,0.021650243414801106,0.1518655245734463,0.00487442816785461,0.004155441270137453,0.0021836035619900098,0.009803351125165652,0.029422969333595696,0.0004658551396440504,0.003959056649171551,0.01033594211276531,0.032959040120764976,0.016655532858901544,0.0038751476076614028,0.0010783951132223612,0.0015678861335665353,0.001963260710718665,0.0060240071942035435,0.003936887266029473,0.0019323939069270325,0.0014695271225221864,0.027122276304826574,0.006757302468072939,0.012386795062967939,0.0057046769380750565,0.011218411412015794,0.005093561615518879,0.2033806677214536,0.006093201109629938,0.00424733841713838,0.0031030166235379644,0.0009504381493878361,0.030336115748254587,0.011289790780978868,0.002655691937438979,0.006113180849949926,0.002357032596433139,0.0014130668187331845,0.001182976074719513,0.004931938528699685,0.005075568116276072,0.030705143036475556,0.005157016476975243,0.002137523116790443,0.003332949927824934,0.0025741146187398143,0.04273228811646084,0.09237911094049846,0.00843962416080848,0.006605356166021987,0.005746811842012805,0.03499506586404727,0.005280455283704541,0.01288919476043663,0.0016936979645628021,0.010112509021874556,0.0035819692097060858,0.012868905137133133,0.0023080478877186388,0.02888255199396229,2.2556677368982185e-07,8.191346186122008e-11,1.6882599147998246e-08,1.4467185536645564e-07,7.128690735250075e-15,5.04812255736398e-08,3.833852628630243e-09,3.456339359116619e-08,8.242072552680878e-12,1.0803333474744598e-06,6.494615564281656e-09,1.9297607084988456e-06,3.0953507346820994e-08,1.4955134198337388e-09,1.208177968048085e-07,1.810973113760829e-08,9.502552589951497e-08,1.2354483664709993e-07,9.227971745813013e-07,1.5207112396113603e-09,1.532426699681884e-08,5.286946821028527e-09,2.4105692358157183e-09,2.38815491506339e-09,1.938275127567036e-07,2.3629039640647794e-07,3.4597449347759247e-09,8.58457807310083e-09,2.314028343377658e-07,2.3711575333659138e-07,7.840946573972718e-08,3.6133405715738165e-07,1.290490627831397e-07,5.98655198948951e-07,1.8262068016275256e-06,3.237010785487387e-07]"
17,"[5.0927442128606023e-08,0.0006600986281163808,0.0005417776411501984,0.00023965720796293564,0.0014287144526274366,0.02196910764051627,0.0005737176138688818,0.002966999426221677,0.00020979999912108783,0.0010256937036069449,0.0055137197354009565,0.0024146409986674894,0.002341943375390116,0.0034320568139193154,0.00027342877607625224,0.0008300851532518514,0.6960530266228179,0.01604215057533953,0.0007224843916456796,0.003975297183136532,0.0015775761878736156,0.0022184167730545865,0.004171796981229168,0.003040529366073423,0.0013457897591173747,0.0011885555832896295,0.00565982269987456,0.0022386014298080917,0.00015507126206283238,0.0014561120541379522,0.0011626276376080213,0.0007252664972810797,0.0009127676453954002,0.002028315482350432,0.0023183106659140184,0.0003697908753784052,0.006310199779175397,0.0006132400020062627,0.0004080270475540978,0.004019714700688016,0.00674599938033731,0.016277714143897757,0.0007906354906958941,0.007241815448879533,0.00364412449701648,0.011604674202686783,0.0009058212534177725,0.0018586854831445147,0.002683183402088778,0.001056584617781275,0.003348513419151005,0.010416494395963007,0.004939659985417932,0.0017391660766279274,0.0005923899642024963,0.008216442653136365,0.00041795442563041357,0.09794467817654297,0.0013742100836208171,0.0010547770414254555,0.002241163540717071,0.008681114116590666,0.0008380080670940803,0.0022475434732489087,5.671188111141601e-08,2.106253421971353e-11,5.03680225364694e-09,2.334750719836154e-08,3.102411579918232e-15,1.2777505833891868e-08,1.3804928431096373e-09,1.3395267797566863e-08,6.039918975976109e-12,7.603496874857658e-07,1.8885435760391647e-09,4.997512135118467e-07,7.859485183000368e-09,4.961844302095347e-10,6.350972027933801e-08,5.955672938141551e-09,3.069911487653668e-08,3.5061601566331465e-08,6.052354786347978e-07,2.835619473753087e-10,4.168721609257185e-09,4.619491738522079e-09,1.5747305384224015e-09,5.180760837593426e-10,1.542983301633057e-07,3.173193600967989e-08,7.42473876338292e-10,2.488979679596119e-09,1.0096749289484328e-07,6.599798879445789e-08,1.0279853418157521e-07,1.630375419574837e-07,5.2004268341676554e-08,2.4749510061664043e-07,4.1032773581762813e-07,1.9682630342050787e-07]"
18,"[1.7772355978511778e-07,0.0015992081974551045,0.0020948573384982497,0.0023741668007793244,0.0008095589199835518,0.009721275895004055,0.021080476062964006,0.004467853187451672,0.008023329089665838,0.017019898990043233,0.0023448639582560886,0.013185721691857642,0.004002949273110208,0.0013221886563900063,0.036956868957250526,0.003832978106328427,0.004319016007195027,0.005121945205676801,0.001821496021957738,0.002658930149416094,0.0025745947444295978,0.027181306318212393,0.007603149706484916,0.005926202102288247,0.00212308835934604,0.0368832011395693,0.044830365804234225,0.013301533600957975,0.041231604059331586,0.001990259369369437,0.0008583954224559405,0.08858308844384004,0.0024234964506301268,0.06024753866635292,0.048251897813930494,0.0012215879490934496,0.0022004522813454637,0.06203025971879801,0.011718967725559231,0.01719804907381496,0.016660319119328176,0.0023334409897923397,0.014299971202854114,0.004372104578484952,0.03140614934992186,0.006980748764757881,0.0145950371033637,0.011032129924553049,0.01644826083644212,0.006280386918933181,0.016054011025123376,0.018653655270833947,0.008668647088529394,0.006181711239981881,0.0036513830577400413,0.022633675024865525,0.004090748157190876,0.05166508417807148,0.05449765448287848,0.02871429718425893,0.010961041216902749,0.005568547217165897,0.017149825050296077,0.005953341530403076,2.5382202873850423e-07,4.3116030391019104e-11,1.788298914844908e-08,2.2672310657245218e-07,3.097099550164784e-15,4.435255563052307e-08,4.480383205767038e-09,3.9839470911561566e-08,9.337739565164509e-12,1.6632129575378635e-06,7.565289013803573e-09,2.01417724804924e-06,2.5376375158797676e-08,1.6417539903840424e-09,1.355054433395631e-07,3.1576256870897703e-08,9.236793376699948e-08,1.5763160688872514e-07,1.2289093135473516e-06,1.7130122961345997e-09,2.7227272105550106e-08,1.1182985360991835e-08,6.234593680861365e-09,2.49376312597295e-09,3.606356399418774e-07,6.100907694920888e-08,3.3868081867092247e-09,1.1507022028494296e-08,4.3899118315120077e-07,1.6619559684213014e-07,1.1383250195041429e-07,5.205029431691693e-07,1.218354545612282e-07,9.770282702214646e-07,1.7884908823965267e-06,4.731202636659513e-07]"
19,"[1.5545109849356315e-07,0.005124350279101104,0.002364696843485934,0.00043349839138263484,0.0009679946214311657,0.021932522792291093,0.011462636081577727,0.0033573203302419796,0.000747150766617882,0.003926236997939499,0.0022221627315043456,0.012450262949492167,0.00034363287051709045,0.002816443216292774,0.002761585709308585,0.025420126695326815,0.006457769208509613,0.0029657440301468175,0.00368878572679897,0.0039556960474236,0.25037182549176484,0.05910976327917218,0.004071332826749286,0.0020574696401707985,0.00130940232559541,0.023499838422712062,0.019934873271674015,0.005263805453766977,0.0038622597788354825,0.0007027340530366268,0.0006103465630731504,0.0077058902539008794,0.008629941859176423,0.0359643554704599,0.020310286839615145,0.002849098499565323,0.003241504083406137,0.005091946197913491,0.00464632043514925,0.015242972031239102,0.0710594972539996,0.03457680122474188,0.19263544257943385,0.021366072594828214,0.0023278126038400794,0.0020291640984558055,0.005279114508914066,0.0027529605503573565,0.0012369308807042838,0.002031732806118937,0.002819400044126806,0.004177837591253439,0.007373709424663599,0.003515828111389342,0.0024042432413753615,0.006670555569737216,0.0026199727461383147,0.007192706367516042,0.00703136218795726,0.007264204128134785,0.005629000336867163,0.009521630786743,0.008789863762948191,0.0018121961343118532,1.18079770822539e-07,1.6538026390394488e-11,1.2374451026625985e-08,8.426589663322217e-08,4.3905481660890555e-15,1.5407595513847463e-08,1.1504461179738542e-09,2.631552628965399e-08,7.179954538909799e-12,1.8737985276359653e-06,5.242382119704052e-09,1.7805109355731776e-06,3.176830394028034e-08,5.625191077495445e-10,9.874201912930714e-08,1.379566542466524e-08,5.2462930589561814e-08,7.015330239648648e-08,6.467339642467302e-07,1.0621452333288965e-09,1.7857671222368947e-08,5.669981485589404e-09,3.5631352282583334e-09,1.2086631790154054e-09,2.7974111756249014e-07,4.0981257452249724e-08,8.912919866934764e-10,7.315711574796126e-09,2.620899244206494e-07,6.287212785752984e-08,6.816816082801766e-08,2.1668929688828552e-07,1.3744639213541745e-07,4.283287288364964e-07,5.25359109023651e-07,3.3131530504639755e-07]"
20,"[1.2219951982397104e-07,0.004550399442193323,0.0018722465270294944,0.0015558006880630312,0.002011231915248449,0.010577037187484867,0.6716467878214936,0.002029480999336438,0.0013954734503450895,0.0014667896962402625,0.0013510734717531345,0.003043914410235048,0.00012593452899799929,0.002870850002611071,0.006945363798080532,0.016415424379678616,0.0025925008189763253,0.0002181757159497334,0.0018964738205673464,0.00639127737545383,0.005001608022467651,0.007381627905043396,0.012743298337668116,0.0026570937093302366,0.0034676463500184856,0.02119279244926328,0.007604714823428866,0.006604398198825441,0.0013673585863890575,0.0005328648407330632,0.002336489410919585,0.012553690879909837,0.007055756423730722,0.014821508289680074,0.0022641183773616513,0.0014770106885255406,0.0024927363541312575,0.006656187879986674,0.004068365167594953,0.03562134303637166,0.002168467960167802,0.001934908978560685,0.003282342631564896,0.005230961554337655,0.0124274499679341,0.001971122121295045,0.004069811158164616,0.0037245247524392614,0.0017700632231360076,0.0036510934810863285,0.001755940419273253,0.0022560636854803244,0.006817621903070596,0.0039394231867283845,0.009360324173022678,0.008805683859619308,0.004165360167341977,0.0024365585137902774,0.005836748316518547,0.0060771110428021625,0.0024710580112206454,0.0015503106755275949,0.0046504354663046725,0.002784511104469892,1.0185352906800746e-07,3.9080364590350666e-11,1.069136709766413e-08,8.71624269327034e-08,5.09126189863117e-15,1.907231058008441e-08,1.8724369668200457e-09,1.806545564618942e-08,4.222342246157597e-12,9.371847476122399e-07,5.4033798360781085e-09,1.1556636222542657e-06,2.3272934046421685e-08,7.205350125900363e-10,9.181280288329056e-08,7.686909854557702e-09,6.423263743183717e-08,1.070359913614101e-07,4.292391084069302e-07,1.117754538760449e-09,1.865608559636616e-08,3.6694723710859543e-09,3.054890122039695e-09,1.9422515128982236e-09,1.904776684753948e-07,7.664700587144353e-08,1.4306658439789458e-09,7.02322162610042e-09,2.243501464677958e-07,1.5043729997618068e-07,2.5103266337244678e-08,2.751123147335312e-07,7.729459837062184e-08,3.6685764451546187e-07,3.6389723319489597e-07,2.8758048384576144e-07]"
21,"[4.99396503556472e-07,0.0638920124149499,0.0013583179053859328,0.00044690614518541535,0.007035045525233542,0.0044729077742984135,0.007198670785041014,0.004575642113493647,0.025143276130738683,0.0008498768163144515,0.0035673236707140254,0.005142851876626131,0.0012813945586883063,0.014422766273008885,0.02360180306391452,0.022928131205144968,0.0010358571570095213,0.0013134827970380414,0.006217229327524434,0.0034616093571688644,0.002387178224852301,0.002091748845979748,0.0035391763511119995,0.0021136227851600367,0.007434854535721149,0.0031393197252622424,0.0016499929669809934,0.017714962501390676,0.013857750753365438,0.0052205071343303325,0.0036597293315030325,0.003535751907647954,0.28971776258800624,0.004975331372383259,0.0010911276151715239,0.048468519795548774,0.0007465546304303844,0.035564699152777476,0.05623132561480201,0.003053961362199754,0.0018690499322391134,0.0004940389037901631,0.001394669491861827,0.00364395676887031,0.01023600009712724,0.003435623314011786,0.012469512368974327,0.013622508148826365,0.002254077094330383,0.04849275153998014,0.0013064652175241833,0.0018287672556124364,0.009981687408248861,0.04340102794938915,0.012127487616845014,0.0021168970429733687,0.09166351271747183,0.0074256264646102585,0.0036238906824626643,0.009028977124341853,0.005457191893153428,0.005492247557458839,0.0028245177258808796,0.0016615309054782506,7.668848655225306e-08,7.627480267168264e-11,1.8307348070016175e-08,6.55246750825581e-08,1.2382333195499565e-14,2.9373616703306043e-08,1.893086033016812e-09,2.6791276337393952e-08,4.062051943834191e-12,8.554153136998753e-07,5.176844747149413e-09,3.266527327384868e-06,1.309140614244949e-08,1.117680991407691e-09,2.26055158663449e-07,6.960025137013751e-09,6.812909623572288e-08,1.0859947508071988e-07,1.1207915520979346e-06,1.012686553610817e-09,3.141896757748765e-08,5.198636142913289e-09,1.0049067013637722e-09,2.1896338396276427e-09,2.839493723999667e-07,4.382686621038952e-08,2.215425032946113e-09,9.700259433312015e-09,2.2429071311511704e-07,1.7123669855426157e-07,6.017627169908587e-08,4.808546785232953e-07,1.0828971004913672e-07,2.2708550361467455e-07,7.927297878044469e-07,1.67587094171366e-07]"
22,"[1.658776317404903e-08,0.00011018674565786666,0.009655896264676002,0.00019127368135122717,0.00016772022392210498,0.001855398513249315,0.00015923173729526758,0.0008799531390618426,0.0008894498307364755,0.22596056340729592,0.00022214058015888663,0.0006187415554176314,0.41229238427335085,0.0003321990059863721,0.0009936032189240126,0.0008391994388795,0.0012964806244437632,0.012695002008111788,0.00038545181476081327,0.0007478793937025237,0.0007900539884057997,0.0008392788301360542,0.00022830648086010966,0.00024771108582603195,0.00031675804423134693,0.0004438254218780299,0.0010230709774753024,0.0004784948673135211,0.00023769423404244392,0.0003574933626004255,0.00014434242788941714,0.00035792025805195845,0.0006056432751899766,0.00026703255945561676,0.003503164922099915,0.00018086539376082687,0.0011795873924468772,0.0002444932238757353,0.0004936800822768442,0.0010698977496490423,0.0011069039098713677,0.003179847911672112,0.001214911201211828,0.0007112514954870636,0.0008068985455458468,0.0006025388048538711,0.0006385373594846777,0.0019002277753170079,0.0004915239812490243,0.0003611180594539576,0.004722795129231195,0.0012139350391953431,0.00026899714802603044,0.0005159812525882865,0.00025499356866917833,0.0008532071812181507,0.00025129616743310495,0.0025968623007807433,0.0034894053713409646,0.0009183391362645832,0.002650727952218032,0.0003986739908800939,0.2873921017449355,0.0001551676016282674,2.133729903375304e-08,5.582812390241972e-12,4.210748596860284e-09,1.5692637902825794e-08,8.338707652398343e-16,4.510855375612977e-09,6.530333461474528e-10,4.643843888405365e-09,1.6956362802986907e-12,2.6442466634181625e-07,1.172494519578341e-09,4.4678350235824346e-07,3.102418275871823e-09,1.9534477599665867e-10,1.623424600625164e-08,3.701281955208532e-09,6.35459008018197e-09,1.0347401686639316e-08,2.565056351648359e-07,2.0421947940842145e-10,3.3920383503034087e-09,3.4035547874363075e-09,3.687338230557033e-10,1.8465809695059299e-10,4.4282556112751974e-08,6.105289262262668e-09,4.159634123262139e-10,1.4379753884212397e-09,4.8111408673588424e-08,2.3096377057245886e-08,1.7456747308812788e-08,8.916136978476003e-08,3.272522907361902e-08,9.229321811689582e-08,1.92358669383336e-07,5.5873946114387826e-08]"
23,"[1.5762010204688275e-07,0.009954545462607212,0.0005192692313881418,0.00023669338194603397,0.0010013882774116873,0.008633629573844859,0.004990741912814254,0.012104468633072695,0.0012393706329209084,0.0010097329322041584,0.0745115175493571,0.02027491256419638,0.001615078523565262,0.008073104012462215,0.001432591362832483,0.002585388418164145,0.01761303231499541,0.011877195087212812,0.0017798893905410934,0.004430828427698436,0.0014831242436628425,0.002752306432866462,0.007142433859188394,0.010596582470889924,0.01497724676618954,0.0037965155806469818,0.005168367609005294,0.024751928765981614,0.0003466195148599437,0.0012700126515862674,0.05330937396428158,0.023973693759293677,0.004548638141211185,0.0016568988814106731,0.008122158987731628,0.0038998261314389473,0.0021770780913789945,0.0010551006366336635,0.0029099052236625997,0.001392968477621866,0.009336943433173442,0.0030673144821753507,0.0036751089803349415,0.006349072861201905,0.03058862667682514,0.18986745716590286,0.0019773184886065207,0.0053505325129570664,0.09352267307205678,0.024996265845695788,0.0020657291959646257,0.03863528902896986,0.06887246473925669,0.0033561409483176363,0.0017817924542479651,0.05776327305120499,0.0013246293046373172,0.04191360896471538,0.00206128692615572,0.0016530549881098853,0.014943436772345196,0.03210885257281986,0.0005752763124389325,0.00499201398427066,1.784230266628278e-07,3.636554475522768e-11,1.3664480600048112e-08,3.366999891956169e-08,3.4843757258366036e-15,4.994337305804549e-08,2.872724431236134e-09,2.4609583891054883e-08,9.101508082551859e-12,1.5065482317800841e-06,5.251950404245789e-09,1.2867382884644966e-06,1.0538031931825761e-08,1.1881663110336213e-09,1.2488370184588148e-07,1.8759817068402975e-08,9.004649440883638e-08,7.699570375880597e-08,9.341138048456948e-07,1.0639321533602235e-09,1.3368750524220113e-08,5.520294344590296e-09,2.8183958954277877e-09,1.6929634855564126e-09,2.780536893588377e-07,7.769824897269674e-08,2.1224272341652944e-09,4.046538809889754e-09,2.1293480407631706e-07,2.604887903351885e-07,1.8411785256170744e-07,3.4514524833229945e-07,3.937884838405277e-08,2.5367151300948174e-07,1.201219430808159e-06,2.8010415847058495e-07]"
24,"[9.438245652057178e-09,0.00014813302383940696,0.0016463392271535192,0.00017599250614603646,0.00010939823087600992,0.00038999863219561207,0.00019850270962569512,0.0003221087535584373,0.0005243728156023934,0.8148160677526548,0.00010034591614532703,0.0001762196792645557,0.0788467923208665,0.0001271474464822981,0.0021097953169982625,0.0007503348788490314,0.00020899956293765796,0.0015605341154623679,0.00020391262381059207,0.0004548271209477005,0.0004507306759502501,0.002101298904546095,0.00012024597523258226,9.592251372298378e-05,0.00019284944695195468,0.000761872958986592,0.0007180316427767983,0.0003808355227530168,0.0003030606930622881,0.00015630364286713566,4.471580789666244e-05,0.0006808546517033569,0.0002984577653671138,0.0002042359257343268,0.008572886342189202,0.0001107999710478356,0.00026431770141782375,0.00022937014604295698,0.0009814447552374257,0.0005398261746335283,0.000764131365418789,0.001434273874951085,0.0007523807757722927,0.0003757921187808166,0.0007637395853639297,0.00019327693398892118,0.0004588796040549031,0.0007524795075003161,0.00016587584511582883,0.0001982109269430162,0.003629090318366911,0.0002886860356218559,0.0002718170580818503,0.00031508477646533136,0.00027960728211540804,0.0007287233868113862,6.512771090260817e-05,0.0013683399872880485,0.0022591494308764736,0.0011548985424456287,0.0006460108703854689,0.0002824078862308065,0.06268245623852098,9.092404734064871e-05,1.2391667256627995e-08,2.869966292360848e-12,1.5725000436726574e-09,1.2524262009265754e-08,4.568495495307827e-16,2.432866110434823e-09,4.070023584756325e-10,3.3877269032670798e-09,9.023542213169244e-13,1.1674159013337625e-07,6.141686411971035e-10,1.6007097955464552e-07,1.947450742891095e-09,1.2502883703952874e-10,5.936265727690069e-09,1.6008098811525056e-09,3.3161480668109936e-09,5.8645868522168926e-09,1.203012731720416e-07,1.1498884865242376e-10,2.2455527161473654e-09,1.947468230594807e-09,1.795059431565748e-10,1.2484663917888633e-10,2.4658098703793806e-08,2.8552262364510317e-09,2.1461670752471858e-10,6.30633276332261e-10,2.9854364610103996e-08,7.1343296584196585e-09,6.918727232649445e-09,4.309988197237867e-08,1.778243762691937e-08,4.534915144758084e-08,8.826109037846404e-08,2.1991855547775823e-08]"
25,"[1.0138433728490521e-08,4.60229785251672e-05,0.9572991011258271,0.0027407686298559827,0.0003765162680062247,0.0004082994690264217,0.0001286009129680607,0.0006079180883732875,0.0005252370265486869,0.0013168112475502234,0.0001949454373885444,0.0002292192369536735,0.0010447922171250377,9.390898096306804e-05,0.0002582586897046069,0.0010912871112298901,0.0004916198835100566,0.0009213741921865589,0.00016852438820047996,5.109767074335507e-05,0.00019513700796732055,4.4189156672288614e-05,3.173306230702092e-05,0.00018714251754270423,5.121170621628838e-05,2.656151561136751e-05,0.0003552818861387684,0.00036414718534847165,0.00012395491329103762,0.0006013228122965591,0.0003757841161539823,8.684799636750272e-05,0.0001630700131895468,4.375231409788395e-05,8.26206505949325e-05,9.434725462923212e-05,0.005568365293295127,4.2772000046081326e-05,0.00037970412301242785,0.00014782311246216477,0.00018342310386964693,0.0003605266451364,0.00020605188379293628,0.00029241431904577765,0.0001320661837163603,0.00019995327341273893,4.262026220529397e-05,0.0001233145534548818,9.936657192025196e-05,4.933702516579681e-05,0.011469941136857715,0.0003413218463979537,0.00017781511207447668,0.00010553600728811044,0.00031340087720357185,0.00026055523586949233,0.00023072262030873972,0.00020463535912550927,5.9225053153079306e-05,0.0006318971010840173,0.0002956610025105059,0.00017506059980803215,0.00698727673250045,9.728899968537599e-05,1.2351312568594346e-08,4.590799487568738e-12,1.3092768734533589e-09,4.668848210263969e-09,8.91904423375412e-16,2.293408230860272e-09,1.795294775554361e-10,1.2865470794827572e-09,4.945080433971187e-13,6.89323598166794e-08,2.2341424635351948e-10,1.0380141843006003e-07,2.137866255454572e-09,8.220263033400174e-11,8.026573339206089e-09,9.201210558364317e-10,3.3517054785489386e-09,6.858845278413293e-09,8.987549181368928e-08,6.944082691848069e-11,1.2753384449412808e-09,8.584345424491981e-10,1.5678491339920379e-10,1.0326061434701896e-10,2.100616150765808e-08,4.360355859372178e-09,9.841222071915194e-11,5.272541143944012e-10,1.0344036882156004e-08,1.3499536450362686e-08,8.37533442120061e-09,1.6706579026471063e-08,1.3102770853194905e-08,1.5881457000487092e-08,5.0350892593180075e-08,4.314399586353494e-08]"
26,"[2.314533198030431e-07,0.006146626723541282,0.005519838150853374,0.001393831531217771,0.0039498067160698026,0.004848123415399881,0.15880718030279273,0.004691298690909987,0.005626685177311118,0.005235340422380533,0.0017959529716713098,0.06565354834072436,0.001204927084977459,0.0014132021804163235,0.004277022971712093,0.0035016790889882197,0.015178745418152001,0.0032060797309076366,0.002596289698569725,0.0015014912949187717,0.0016094952662531255,0.007967438681642711,0.011098067866506151,0.0032479521714257197,0.002656226968894161,0.01239394372292896,0.003939870953093086,0.02740750602879862,0.003884642836590135,0.002229629563914079,0.005223285353975985,0.017490324622915516,0.004118481774726962,0.0036560197862569497,0.00241837949675066,0.0029168869725854107,0.0032027647635994743,0.008925857492566726,0.005657183450147908,0.006822270350034611,0.012094921303544707,0.004555974690981683,0.006407068851424022,0.004210517316560778,0.20617411145198716,0.0076185217777830294,0.0012121979116266218,0.0019161598129379773,0.15987340937698896,0.01580706444889056,0.01216723595950407,0.005770736817825148,0.04713937588577963,0.006121673173605602,0.004449055909454222,0.008954247310494956,0.002199118150754947,0.009346336933329001,0.00631889184385864,0.005571955481750884,0.009803796233159101,0.010978052081720018,0.009829227508477109,0.008057297774028601,1.7581388967555455e-07,4.032878706057083e-11,2.4854087440597588e-08,1.2067097297029018e-07,4.7108146307903326e-15,5.2116401518489554e-08,2.673184355288741e-09,2.9226130835432756e-08,1.0730612125067683e-11,1.1473607024153574e-06,8.837780563530714e-09,2.237394406190611e-06,2.2977785159198317e-08,1.7321287265845504e-09,2.03399058378285e-07,1.4171587849502682e-08,7.885086241953477e-08,1.1871275346869451e-07,7.789190775612734e-07,1.7704497668747953e-09,2.5966910480475116e-08,5.900529432959397e-09,5.107541706718497e-09,2.2242151354950725e-09,3.7384148304774735e-07,8.068472243182847e-08,3.168080982145557e-09,6.6817463828803285e-09,2.1179063318861366e-07,1.9170794170353316e-07,1.0539366597353411e-07,4.6290305951401927e-07,1.1388776280963449e-07,6.725106939773389e-07,1.2127186125553387e-06,4.284851679629162e-07]"
27,"[2.9053491166235983e-07,0.018306377350286666,0.0009699007631808355,0.000509847646591703,0.032753954038253,0.002152059349919526,0.0014264282722818912,0.01398260616580802,0.004712581454082876,0.0003974640728707566,0.01999053064605603,0.03412390308614753,0.0005883037654871188,0.11820049245847301,0.0013144208270108439,0.000810039854443999,0.0031999315626806543,0.0020772836473232125,0.00530428161915522,0.0030041418634026095,0.0005224454107032443,0.0022376267574396873,0.013062868108383915,0.003083395804638087,0.005614748634595907,0.0019755193702157346,0.0011674356667558665,0.01181374961679207,0.004133443693983974,0.012597084022041497,0.006273085531279565,0.001617284431465297,0.005812072147442257,0.00063404794483358,0.000966625828988413,0.10817985680923307,0.0008122037505365056,0.0012586791331667662,0.0012672791344135815,0.0014678370897369699,0.002164752376243387,0.0019369877900865609,0.003015903705665983,0.003130209789491575,0.022542585126749778,0.004319263031315738,0.0006571810773853179,0.0007979207726107488,0.014992169269790415,0.2099898736808975,0.0018070851376792802,0.0018001432397701093,0.012495426910897596,0.01773089466700103,0.06226275774803953,0.0021985496813459867,0.006323295052927489,0.005274149712394361,0.0018688313903539402,0.0005594305378948971,0.008745266650274032,0.16555889423857628,0.0002232955557363484,0.0012764408672315273,1.0231248824548629e-07,5.0378127416872426e-11,8.558667735522245e-09,3.356880779849123e-08,9.494714579736264e-15,3.987379702783926e-08,1.7561075937944302e-09,2.2432244211783426e-08,7.273140738256154e-12,8.638174149837467e-07,4.472388132013808e-09,1.5532195079195603e-06,1.1492020262343433e-08,1.3607158709974324e-09,1.8040054967326232e-07,5.153977535368806e-09,5.6681192302244045e-08,8.513412597892278e-08,9.055363029544191e-07,5.967949375503885e-10,1.587583298687922e-08,1.2282342055132323e-08,1.3472543050115558e-09,1.7409663524957399e-09,2.0097921237792952e-07,6.172630686197132e-08,2.1899975734013214e-09,3.438856984585998e-09,1.5538953689236083e-07,2.9782450031487155e-07,9.625180517878532e-08,2.4787221435960757e-07,8.147439092715279e-08,1.5165794798913412e-07,1.0604475727221496e-06,2.972011251925952e-07]"
28,"[1.049925654714421e-08,0.00015177701799119848,0.00253484436593949,0.00017374780833548844,7.37853099374592e-05,0.0006074779709544483,0.00017365796612464857,0.00032380655777827555,0.0006552740924204478,0.6733232037093461,0.00010765215567709351,0.00019441694501091643,0.05809800873060559,0.00011502472422358396,0.0014224316605902679,0.0006246709431667025,0.0003127249034755372,0.0029403522032760794,0.00018342268637389948,0.0005097169775435451,0.0004793064018307015,0.0014765918459218696,0.00012670929466052666,0.00011258415040295197,0.00016671289986568247,0.0005350835691090094,0.0007476301196092129,0.000432207366666015,0.00018732664920918286,0.00012386472755287028,5.727064554163214e-05,0.0005887950600904191,0.0002122753241597774,0.00017801272794165752,0.0043801806335403756,6.439716860881301e-05,0.0007119472859726774,0.00024247443400597486,0.0007476787674716131,0.0005881628422091462,0.0004479723699933436,0.0014252242490903231,0.0006178553466266834,0.0004063479653686278,0.0008748293991882426,0.00021917518087976188,0.0004552630402829403,0.000802365747895734,0.0001772735052508599,0.00015938703912187058,0.0020785089261886876,0.0004825917351120111,0.0002129329727870457,0.0003436348416828059,0.00018806248092148134,0.0009468179542477176,8.086203694914768e-05,0.0015038771359905058,0.0025487574283500607,0.0007483783875758169,0.0008793299444776544,0.0002487223497288972,0.22937473848354997,9.114571480406206e-05,1.1172819967183529e-08,3.094620498624049e-12,1.995342832497856e-09,9.450066195079205e-09,4.2549935380700864e-16,2.8178395612351113e-09,3.729150754696925e-10,2.8845606652056104e-09,6.470006307313178e-13,1.1616138219316919e-07,5.297139239200138e-10,1.4776955157325588e-07,1.7385928581714323e-09,1.2323855895174842e-10,6.639335115077212e-09,1.886022446061878e-09,2.5778599006811808e-09,5.671905901920259e-09,1.145431220875232e-07,1.1075920488278145e-10,1.958125187173877e-09,1.5150898634179268e-09,1.7184263400732205e-10,9.996811677443418e-11,1.975476819179698e-08,2.934151214299598e-09,2.0774576588944127e-10,6.34455159892869e-10,3.10615110037888e-08,8.170214087443994e-09,7.191620868186735e-09,3.5781131900042916e-08,1.8625344664059623e-08,5.6337776017205376e-08,9.670766853120538e-08,1.9021355296414693e-08]"
29,"[7.320780121772504e-08,0.0011130442725095647,0.18267281691179907,0.02075514563041199,0.0019755372989147184,0.00655565030355479,0.0009126182072068291,0.011070033775741608,0.006078005791797091,0.014189305363418123,0.003497795838605884,0.004707365141412395,0.05495155453183223,0.00174869859016493,0.001840840396573347,0.030002794621215894,0.017762215645452824,0.18118113046170675,0.0013413092749899576,0.001162543581629501,0.005701302551445608,0.0046348057486386065,0.000341037979724227,0.0030690823257883593,0.0009531171277400653,0.0004710176311785415,0.0028194640161525496,0.003080632493680054,0.0009835781454056575,0.005057607731656092,0.003195219882533832,0.0029614980864448677,0.003460621012421827,0.0007686503784470605,0.002220055123790036,0.0007649649700631161,0.08362112524402297,0.00028873007337100947,0.002033175828747578,0.0039253757558140225,0.004730929411137716,0.007079037357372612,0.003411311289854686,0.011037195171559495,0.0020346945619703952,0.004385478027636474,0.0017058685960567469,0.004661567978418558,0.0031755048318423324,0.0013774039536026544,0.08436531646607451,0.008545474744787321,0.0031329687467362487,0.001031678724312997,0.0007375464948577681,0.005533817245465567,0.0014241049717774756,0.005983533148726581,0.0009210361358237763,0.002324073161425951,0.002927397912854313,0.0038181654940936584,0.16106722857464914,0.0007123762248447641,1.0157967553120786e-07,2.678249383471917e-11,1.5257019359602943e-08,4.182258337501943e-08,5.65319076677657e-15,2.1319842060121387e-08,1.8319251163536816e-09,1.4631001990058395e-08,5.404130492511133e-12,8.622858911228927e-07,2.809913163717245e-09,2.0817234916029978e-06,1.477795188557768e-08,6.93161763409271e-10,7.970886997508361e-08,1.3852235432692267e-08,2.6003213729992548e-08,7.249336436545701e-08,1.093787459767859e-06,6.277278308683047e-10,1.0234231715233084e-08,5.374503196690413e-09,1.2920954778943833e-09,6.224066743148912e-10,1.7758824161243787e-07,5.565150127228842e-08,8.659356439406775e-10,4.913690930375002e-09,1.505854853141798e-07,1.1775085884932566e-07,8.791079739292767e-08,2.0628594119489537e-07,1.4712509788928483e-07,1.8762037670528193e-07,8.89203397899672e-07,2.6155823163777103e-07]"
30,"[1.739098827444923e-07,0.0035408930083520827,0.0011418028818419332,0.0009586428722205706,0.002684221537603774,0.010299021291768783,0.0018748962022702585,0.0051913283071128025,0.0030156180225888087,0.002519538518958652,0.0020740713080112747,0.003621733956762617,0.001973240769015893,0.001363786242442418,0.012113345075318825,0.012886914176928789,0.005053105219119914,0.003938146036100625,0.0026869107220696704,0.0019556643879348723,0.0049563846759474745,0.1673237755255438,0.00580171496919031,0.0071740337950388375,0.007960914083935745,0.03735423492775283,0.140745864247552,0.021062120920320653,0.033938021818995495,0.0018991601770369333,0.0004358529843367709,0.010916075226497842,0.005846673644522847,0.031089392079259804,0.0661908340070654,0.002140388718574898,0.0018310812006492496,0.03441820747370361,0.0076971247940847655,0.00601407595947761,0.061105782589969806,0.0022210005954246543,0.044214062989623104,0.003698608950070262,0.004228257955456188,0.005480014904881705,0.009001950667808057,0.0052316483971139435,0.0013619892928262644,0.003053655327114987,0.01866054012331796,0.013872540730394428,0.02014971987514999,0.008428391754741684,0.005066879926366604,0.010711749237221409,0.004929995469153013,0.03085553425744634,0.006653460001807473,0.03969221264973237,0.0030468243338455147,0.00854900401442515,0.003600053726779364,0.012488479209467784,1.175554953637495e-07,2.95592080106008e-11,1.2438011565854261e-08,2.622676873094208e-07,6.202666056584096e-15,1.962292644993813e-08,3.210407426911884e-09,3.483720129682617e-08,6.2623142122373635e-12,1.3825488642653095e-06,3.455110690905882e-09,1.4975509209609226e-06,2.9455713394354493e-08,1.1118316048905033e-09,1.3538238753181659e-07,1.622801916756822e-08,4.452539750530263e-08,8.541354510951518e-08,1.2558976585755486e-06,9.258902519686312e-10,2.159060255888967e-08,1.3633069839465809e-08,4.113177089138282e-09,2.393832856267677e-09,4.3791137532589846e-07,3.971503195617987e-08,1.718408577852844e-09,1.1604764335509462e-08,3.214336370934295e-07,1.763088850096262e-07,1.0737223276393267e-07,5.43662821420978e-07,1.9105578345468307e-07,3.3856159841916924e-07,1.1022739420764942e-06,4.415320112359226e-07]"
31,"[1.2968034536093036e-07,0.0013032893371894083,0.0015338718980044232,0.0008061398663622442,0.0016137613256920207,0.016570697207269374,0.24925042576502876,0.0073594863021831216,0.0008449124993036324,0.010139749227151147,0.0045107205469729645,0.0008631636391031604,0.003389222857431652,0.008416267541375156,0.0053985213106021454,0.013126171196205832,0.023637420251913926,0.0023497755524553065,0.0013395765094427281,0.011453982200234504,0.004751630683527349,0.014585849568620426,0.00140974523677561,0.035778013550076024,0.0013037091842740443,0.014095241305009758,0.05664105852893625,0.00586198225492824,0.0008145087255767724,0.0005814673764662576,0.004241285575797746,0.06648075719541373,0.008731250274311387,0.025935363774514806,0.019334688836763536,0.0009187214976491689,0.005920231997959458,0.002541285851948771,0.00266474718448404,0.07707800897080683,0.0015571790992193009,0.009363972603014017,0.00161243599449129,0.018396739882056493,0.0050730312520340095,0.009359332457916852,0.01562859161234994,0.07199045872167155,0.005742195288341873,0.004062599275268593,0.005776587029860053,0.019562378261379337,0.007200755987288062,0.00254816985033482,0.003863087639114471,0.050226461023202655,0.0012206129837781321,0.023473121158031386,0.005333312529340377,0.010637289472433744,0.003497096832414334,0.003748969931682687,0.00441934570475014,0.0021220346652787983,1.523323998273552e-07,4.0453747185434743e-11,7.146591035489721e-09,8.74584508747706e-08,3.3943120532321905e-15,2.173830415743208e-08,4.25003994220392e-09,2.0271134294355735e-08,5.218513580605406e-12,1.3219028488112049e-06,6.7370967456514425e-09,1.596469751933745e-06,2.4729816192752318e-08,9.219217049493743e-10,1.1365292164096861e-07,1.2259425286348966e-08,5.99732012717855e-08,1.1736635399843914e-07,8.087401417034189e-07,1.6701432027108909e-09,2.3139678765911848e-08,7.043212158885874e-09,3.1733859000324365e-09,1.5425574903978527e-09,2.2013097794630682e-07,1.0136497786942185e-07,1.1404222842425518e-09,4.916876697714111e-09,2.1008024253493444e-07,1.8206865534642976e-07,4.230043398125903e-08,5.884870952192688e-07,6.545921009648684e-08,5.269247949073132e-07,8.882115889553307e-07,1.8480631199190918e-07]"
32,"[1.9195835999886986e-07,0.007133529947532692,0.001499157215018775,0.00026841087158636245,0.0036561652534326237,0.005012195922425966,0.002060058191747352,0.008210239340593893,0.000595261879543771,0.0023567335743017595,0.011066386582548078,0.014368740691170811,0.0008938975405640309,0.0502912687185274,0.0052987732795676005,0.04550553350660489,0.005252621411517875,0.00424105812234684,0.022192505049029636,0.006791471892830431,0.007374970248762798,0.015392943548685301,0.0018652441503735442,0.003039041640203256,0.00783717441245274,0.003511745484622811,0.016611097497796698,0.008765202344144086,0.0029118415676510617,0.0013743272366817613,0.006747474803456373,0.002316411466936817,0.14323358639972564,0.002857917855047424,0.009622103448595364,0.18910046075503015,0.000772451475424246,0.001191222673797393,0.0025361612885401886,0.002180223583643718,0.020622930991853066,0.012144004101690795,0.07441651864099683,0.0069920279560084725,0.00444324919780583,0.005450711387996896,0.0013776238235223197,0.002145679865727329,0.004406124875177164,0.007091737485832082,0.004073120928384856,0.002865165314196366,0.05313067183482589,0.0032279832267570175,0.008080311456270136,0.005531542251231262,0.004752630151291317,0.0061958298867024475,0.0018868880590116814,0.004923014856450722,0.004254769659710711,0.13215880632974872,0.0006410842179656493,0.00324331650807133,1.181332085312484e-07,3.303488390824411e-11,1.0922592959791247e-08,6.178246952484694e-08,7.982804127391675e-15,3.093513312830414e-08,2.498353386025344e-09,1.858711333521447e-08,3.073511316301135e-12,1.706381710421691e-06,6.589304987357933e-09,2.173118724475453e-06,2.3787069060247143e-08,6.187026879379346e-10,2.4121495038441514e-07,1.119121944307415e-08,5.184266878487991e-08,5.1959224584584494e-08,1.2154398505546198e-06,9.563037910229127e-10,2.1405685715923486e-08,9.116134882065259e-09,1.959818140780766e-09,1.6579933286671299e-09,3.007687437616954e-07,4.575737503035145e-08,1.6273601851361684e-09,9.338617299252745e-09,1.6847901752346598e-07,1.6044522645823522e-07,5.686534382452591e-08,3.05126221754498e-07,1.5397787418505983e-07,1.4142715827780026e-07,9.771553582901702e-07,3.73059304419801e-07]"
33,"[3.2663147901510765e-07,0.023371675290493887,0.0014595066550656876,0.0007879672254285008,0.014317368377069343,0.0013484181029470392,0.004320944994821813,0.007427350181939921,0.004031551788658012,0.0014729073698180207,0.037391553663044926,0.025721280940482243,0.001025341794565175,0.01628739409914599,0.005025357987583643,0.004871738020895317,0.006124098724614586,0.0015123830470227478,0.02593484143769558,0.009728062787124245,0.0010035285996873294,0.002660221337560622,0.013224918773134343,0.004819416371234669,0.03628187446221192,0.004746236028791347,0.001940474851480417,0.024093413986168263,0.0037929971472766533,0.003103131780473814,0.047167796554763504,0.0020445552887172515,0.004763771603110697,0.0009417432398928041,0.0023549708227223686,0.18275607819334558,0.001473509981180831,0.0006806359608306741,0.004276205421982656,0.0062245852690932715,0.002064940475504779,0.003731097468362104,0.002707008455801358,0.0021166350947828838,0.10261305172276784,0.010641107571660044,0.0013548906277265902,0.0018579050539136897,0.041923901871427076,0.032687642650189995,0.005875354609611169,0.00398034824166075,0.04684113213273507,0.005184499045600311,0.024211848209179185,0.005673816198217729,0.0017987890672600585,0.004281518061237371,0.0026023706684893022,0.0029779493806658154,0.0044300866764043646,0.14711768031153116,0.0005060428738602178,0.0023011379191969716,1.4016819399887101e-07,5.721939029406849e-11,1.1478898526670356e-08,5.501191228371434e-08,1.1064388731943142e-14,8.637885853060408e-08,3.6323931920653724e-09,3.3706146060650746e-08,7.111572589955955e-12,2.031390062107715e-06,7.55300773522254e-09,1.6079380870766375e-06,2.120437279071824e-08,1.7981132391823678e-09,2.074980404222961e-07,1.0245386500634422e-08,6.72963099501585e-08,1.0133236675770816e-07,1.0698055908577279e-06,1.1827636195320887e-09,2.8522554566576835e-08,1.497737331016843e-08,2.078034592422867e-09,2.93229022972591e-09,2.903005626924399e-07,8.514113783623982e-08,3.8582650885251006e-09,6.603451008637035e-09,2.190560766146352e-07,4.1872380554524275e-07,1.0755926370594825e-07,3.6558651546231274e-07,9.726330125077118e-08,2.243507651276442e-07,1.1832125733272977e-06,6.029678437720465e-07]"
34,"[3.7272967413495927e-08,0.0068959294225545385,0.0001562013089971574,0.00025103163234701246,0.0008381996705772753,0.0013331675027607247,0.0002650493046432325,0.0010437761618929508,0.0004330413502094087,0.0031021307990387074,0.000745209713562667,0.0023859282648440983,0.0003055261043770138,0.001452337347162001,0.0011738427812116948,0.004153889360411772,0.0011554793249537486,0.0025466848242089142,0.0014988002904451274,0.0014114723855399992,0.003978271644828461,0.6992909626665273,0.0010603392034083284,0.000425432564887201,0.0005841591811556723,0.00253872037594297,0.0043420390696859235,0.0005963327476751353,0.008735684321271852,0.0004791078787746884,0.0001539055343059251,0.0013503997329284002,0.0010093359844098129,0.004687321998060191,0.013571630057521595,0.002767172236744912,0.0004452582235684137,0.0022779548533975037,0.002210646422643145,0.0009293543955241045,0.09675695907248424,0.0090756211411155,0.07451333378148997,0.0024728039508267303,0.0015705454882276233,0.0002356105731323541,0.0007477320787696186,0.000843212814653233,0.00024011301704757984,0.002765407067176749,0.0018777268603622065,0.0002445993641727482,0.004553131593601102,0.00230936652072495,0.0007007311076310612,0.0013566377688257222,0.0010613363384487894,0.0013357619191794747,0.0013055616910159157,0.001927633095444722,0.002464871078774996,0.006459434465697302,0.0022621860747222837,0.0003353885289078407,1.502124679007552e-08,5.511173093618391e-12,4.26941487789765e-09,2.894957221004503e-08,1.3156940917291823e-15,6.261745391826317e-09,4.404695728553076e-10,1.004440515346682e-08,2.4056668655039415e-12,4.4338688451015135e-07,1.256707928512602e-09,6.828804918911737e-07,7.765246395228883e-09,1.616310832356166e-10,3.829635287561116e-08,3.74743927088399e-09,6.7884170828488475e-09,2.8385438334188306e-08,3.8570287073883037e-07,2.064573622595855e-10,4.736158515800505e-09,4.022970511119724e-09,7.409718778794997e-10,3.04834871639146e-10,9.947247735882553e-08,9.6628660410088e-09,3.6319654082179395e-10,2.212716744587217e-09,1.2109741553559435e-07,2.0354969728316637e-08,1.8276553115722196e-08,7.641442358971262e-08,6.190997759498806e-08,7.77941086457611e-08,2.4867618928196977e-07,1.2107906003904623e-07]"
35,"[1.2021285355293322e-07,0.0015292119923744666,0.007164135088008997,0.0096676547181368,0.001582750646878857,0.10856369474760386,0.04803905975025547,0.0018095504968327247,0.005373394479557741,0.00971966025642641,0.004809472892163204,0.003951636514006091,0.004744310870591295,0.002806019578052509,0.0018087597768527744,0.012522655824290197,0.14587922626290087,0.011604262569024373,0.0005029708137047079,0.02228981554441656,0.0053007073599365875,0.006244641869941913,0.0027364086481811273,0.013948570656133277,0.004155772509535341,0.007678050600560403,0.006642685754277207,0.008085863567633425,0.0006763683664969424,0.0025767791851156563,0.005139501732487371,0.01111077536181267,0.003145875430789071,0.011832563029446215,0.0029846179754166226,0.00022981616856780222,0.10329542216841299,0.0019111148711844492,0.002438841413731524,0.030174587372526363,0.004931587781111192,0.03196946388946234,0.0011373643968484593,0.031181107534520858,0.01833105140376566,0.019967934269914115,0.025333304771039317,0.024235489655206457,0.0034928186402212284,0.0011285138392697744,0.06202725129950526,0.029180981075115697,0.0066872624018863,0.0021028893184299787,0.001769842284679462,0.04075939137176448,0.0006143012301528242,0.02756108652295502,0.005686407791193738,0.005287960819245352,0.002583865721363368,0.003883026681813368,0.012486183488140588,0.0029754690456908236,1.8253054236692317e-07,4.6450672721641606e-11,1.2305732905761729e-08,8.610509297313456e-08,5.069453232313109e-15,2.8585596248458205e-08,2.6644645666009763e-09,2.7739560485531625e-08,6.3696065237016895e-12,1.4351713353749816e-06,4.4362873151886744e-09,1.4998772458236402e-06,2.640489868415937e-08,1.2454339656071203e-09,1.017034919008948e-07,1.6907449832411807e-08,7.436883184045357e-08,1.2795934268743459e-07,8.734837752343318e-07,9.67737386854492e-10,1.2245446426885391e-08,4.646795121833482e-09,4.281992104752482e-09,1.5861768620517533e-09,2.8645891666012287e-07,1.104057253076752e-07,1.8390176601208127e-09,6.433795700040073e-09,2.7578136576996743e-07,1.4381133055865174e-07,9.63061357883723e-08,3.8573268302767293e-07,1.0843122705217351e-07,8.93156147784038e-07,9.401979324044547e-07,3.4386525286669645e-07]"
